FE3,Abel,Paladin,1,28,13,14,15,5,14,6,70,40,50,50,40,20,3,Heavy Spear,,,,
FE1,Abel,Cavalier,1,20,6,7,7,2,7,0,70,40,50,50,40,20,3,Javelin,Iron Sword,,,
FE4,Adean,Priest,3,28,13,8,9,11,1,10,70,30,20,30,60,20,5,Mend,,,,
FE1,Alan,Paladin,1,24,8,8,11,4,10,6,10,10,10,10,0,10,3,Silver Lance,Steel Sword,,,
FE3,Alan,Paladin,3,22,8,8,11,4,10,6,50,50,30,40,40,10,3,Silver Sword,Iron Lance,,,
FE4,Alec,Cavalier,2,32,9,9,10,4,7,0,70,30,40,30,30,30,5,Iron Sword,,,,
FE4,Aless,Cavalier,7,40,13,12,13,6,12,4,130,90,20,30,50,40,30,Mistoltin,Iron Lance,,,
FE6,Allen,Cavalier,1,21,7,4,6,3,6,0,85,45,40,45,40,25,10,Iron Sword,Iron Lance,,,
FE4,Altenna,Wyvern Knight,17,51,23,17,19,13,21,2,135,65,45,60,25,55,12,Gaeborg,,,,
FE5,Alva,Cavalier,2,24,6,5,9,4,5,0,70,40,45,50,65,30,10,Iron Sword,Iron Lance,,,
FE5,Amalda,Paladin,6,34,8,11,15,11,9,13,70,55,50,45,60,25,15,Master Sword,Heal,,,
FE8,Amelia,Recruit,1,16,4,3,4,6,2,3,60,35,40,40,50,30,15,Slim Lance,Vulnerary,Speedwings,,
FE4,Amid,Mage,2,29,11,10,14,6,4,9,90,40,50,40,20,20,20,Wind,,,,
FE10,Aran,Soldier,7,24,10,12,10,6,11,2,50,75,75,35,35,70,25,Javelin,Iron Lance,Vulnerary,,
FE4,Arden,Sword Knight,3,36,13,5,4,3,13,0,90,50,10,20,10,40,5,Iron Sword,,,,
FE13,Arthur,Fighter,7,24,12,9,8,1,9,4,50,45,55,35,5,45,20,Iron Axe,Hand Axe,,,
FE8,Artur,Monk,2,19,6,6,8,2,2,6,55,50,50,40,25,15,55,Lightning,Vulnerary,,,
FE4,Asaello,Archer,9,36,12,15,15,3,10,1,90,40,10,20,60,30,5,Silver Bow,,,,
FE6,Astohl,Thief,10,25,7,8,15,11,7,3,90,35,40,50,15,20,20,Iron Sword,Lockpick,,,
FE1,Astria,Hero,1,24,8,14,14,3,8,3,90,50,40,20,50,10,3,Miracle Sword,,,,
FE3,Astria,Hero,5,28,11,16,17,5,11,3,90,50,40,20,50,10,3,Silver Sword,,,,
FE9,Astrid,Nomad,1,20,6,6,7,3,5,4,45,40,55,50,40,30,25,Iron Bow,Knight Ward,Vulnerary,,
FE10,Astrid,Nomad Trooper,2,33,13,16,15,17,10,14,55,40,45,40,70,30,50,Steel Bow,Longbow,Concoction,,
FE5,Asvel,Mage,1,22,4,3,7,5,0,4,55,35,55,75,35,10,35,Aircalibur,Door Key,Vulnerary,,
FE7,Athos,Archsage,20,40,30,24,20,25,20,28,0,0,0,0,0,0,0,Forblaze,Aureola,Durandal,Armads,Sol Katti
FE13,Azama,Monk,7,24,9,9,10,12,10,8,55,50,40,45,40,40,20,Mend,,,,
FE4,Azel,Mage,1,30,10,7,9,2,2,6,70,40,20,50,20,20,10,Fire,,,,
FE13,Azura,Songstress,1,16,5,8,8,6,4,7,25,50,60,60,40,15,35,Slim Lance,,,,
FE1,Banutu,Manakete,1,18,2,3,4,1,3,1,10,0,0,0,10,0,3,,,,,
FE3,Banutu,Manakete,3,18,2,3,4,1,3,1,10,0,0,0,10,0,3,,,,,
FE6,Barth,Knight,9,25,10,6,5,2,14,1,100,60,25,20,20,40,2,Steel Lance,,,,
FE7,Bartre,Fighter,2,29,9,5,3,4,4,0,70,40,20,30,20,20,5,Brave Axe,,,,
FE6,Bartre,Warrior,1,48,22,11,10,14,10,3,85,50,35,40,30,30,25,Iron Axe,Hand Axe,,,
FE1,Barts,Fighter,5,24,10,6,9,5,6,0,60,50,50,50,70,50,3,Iron Axe,Hand Axe,,,
FE10,Bastian,Arch Sage,10,45,35,27,24,21,20,32,25,30,70,40,40,25,50,Arcwind,Elthunder,Elfire,Elixir,
FE9,Bastian,Sage,13,35,19,21,16,15,12,20,55,65,65,55,30,35,50,Elwind,Stiletto,,,
FE13,Benny,Knight,15,31,15,15,6,12,19,10,50,40,50,10,35,55,45,Steel Lance,,,,
FE4,Beowolf,Cavalier,9,38,14,11,11,3,10,0,80,40,40,30,20,30,5,Steel Sword,,,,
FE13,Beruka,Wyvern Rider,9,23,13,14,9,10,14,7,45,30,55,30,45,40,25,Iron Axe,,,,
FE1,Biraku,Cavalier,1,20,5,3,6,2,7,0,50,30,10,20,10,10,3,Iron Lance,Iron Sword,,,
FE10,Black Knight,Black Knight,20,70,38,40,30,20,35,25,0,0,0,0,0,0,0,Alondite,Concoction,,,
FE1,Boa,Bishop,1,22,4,7,10,4,5,6,10,10,10,10,10,10,3,,,,,
FE6,Bors,Knight,1,20,7,4,3,4,11,0,90,30,30,40,50,35,10,Iron Lance,Vulnerary,,,
FE9,Boyd,Fighter,2,30,7,4,6,4,5,0,75,60,50,45,35,25,25,Iron Axe,Vulnerary,,,
FE10,Boyd,Warrior,8,45,22,20,18,13,15,8,80,65,45,45,40,50,10,Killer Axe,Steel Axe,Hand Axe,,
FE4,Briggid,Sniper,12,40,20,22,21,7,14,9,90,30,30,20,70,20,5,Steel Bow,,,,
FE5,Brighton,Knight,5,28,6,6,6,2,6,0,70,30,25,30,15,35,5,Steel Sword,Steel Axe,Iron Sword,,
FE10,Brom,General,2,36,19,17,16,13,21,9,75,45,50,25,20,55,25,,,,,
FE9,Brom,Knight,8,28,10,9,7,4,13,2,80,40,40,30,70,60,25,Iron Axe,Vulnerary,,,
FE1,Caesar,Mercenary,3,20,5,8,12,6,7,0,80,30,30,20,10,10,3,Steel Sword,,,,
FE10,Caineghis,Lion King,36,76,22,23,17,30,22,10,50,40,40,20,40,30,10,Great Fang,,,,
FE10,Calill,Sage,6,32,19,18,18,16,11,17,35,45,60,55,55,15,50,Elfire,Meteor,Thunder,Vulnerary,
FE9,Calill,Sage,6,32,19,18,18,16,8,17,50,45,45,45,30,40,35,Elthunder,Meteor,Knife,,
FE13,Camilla,Malig Knight,1,30,19,15,19,12,18,15,40,50,50,55,25,35,45,Steel Axe,Thunder,,,
FE7,Canas,Shaman,8,21,10,9,8,7,5,8,70,45,40,35,25,25,45,Flux,Secret Book,Vulnerary,,
FE5,Carrion,Cavalier,1,24,5,5,8,6,5,1,75,40,65,45,55,25,10,Steel Lance,,,,
FE6,Cath,Thief,1,16,3,7,11,8,2,1,80,40,45,85,50,15,20,Iron Sword,Lockpick,Vulnerary,,
FE3,Cecil,Cavalier,3,19,7,7,8,6,7,0,50,30,60,60,30,10,3,Slim Lance,Iron Sword,,,
FE6,Cecilia,Valkyrie,1,30,11,7,10,10,7,13,60,35,45,25,25,20,25,Aircalibur,Mend,,,
FE4,Celice,Junior Lord,1,31,8,8,8,10,7,1,140,55,60,35,45,45,30,Slim sword,,,,
FE6,Chad,Thief,1,16,3,3,10,4,2,0,85,50,50,80,60,25,15,Iron Sword,Lockpick,,,
FE1,Chainy,Commando,1,18,2,2,8,9,4,10,50,30,10,40,30,20,3,Iron Sword,,,,
FE3,Chainy,Commando,5,20,3,3,11,10,6,10,50,30,10,40,30,20,3,Iron Sword,,,,
FE13,Charlotte,Fighter,10,28,15,10,13,9,8,2,65,55,35,50,45,20,5,Steel Axe,,,,
FE1,Chiki,Manakete,5,16,3,3,4,12,3,10,80,40,30,60,60,0,3,,,,Divine Dragonstone,
FE3,Chiki,Manakete,6,18,6,6,6,13,5,10,80,50,90,90,90,0,3,,,Divine Dragonstone,,
FE6,Clarine,Troubadour,1,15,2,5,9,8,2,5,40,30,40,50,65,10,40,Heal,Vulnerary,,,
FE4,Claude,High Priest,20,34,21,14,15,9,5,20,70,40,20,30,50,20,50,Fortify,Valkyrie Staff,,,
FE8,Colm,Thief,2,18,4,4,10,8,3,1,75,40,40,65,45,25,20,Iron Sword,Lockpick,Vulnerary,,
FE5,Conomore,Paladin,13,39,13,18,11,4,12,3,70,60,35,50,20,20,5,Master Lance,Killing Edge,,,
FE8,Cormag,Wyvern Rider,9,30,14,9,10,4,12,2,85,55,40,45,35,25,15,Iron Lance,Killer Lance,Elysian Whip,,
FE13,Corrin,Nohr Prince(ss),1,19,7,7,6,5,6,2,45,45,40,45,45,35,25,Slim Sword,,,,
FE4,Cuan,Paladin,4,34,16,10,10,5,10,3,110,50,30,40,10,50,5,Steel Lance,Javelin,,,
FE5,Cyas,High Priest,12,23,18,16,12,5,4,18,50,35,40,40,55,15,35,Lightning,Warp,Silence,Heal,Door Key
FE5,Dagda,Warrior,6,43,14,11,9,2,10,1,15,10,10,10,30,10,5,Hammer,Hand Axe,,,
FE4,Daisy,Thief,1,24,3,4,13,6,2,3,50,10,30,50,30,20,10,Sleep Sword,,,,
FE5,Dalsin,Axe Knight,5,29,9,3,2,0,11,0,60,50,40,25,25,20,5,Battle Axe,Torch,,,
FE10,Danved,Halberdier,9,39,17,23,21,18,15,12,75,40,30,45,60,45,25,Killer Lance,Iron Lance,Vulnerary,,
FE7,Dart,Pirate,8,34,12,8,8,3,6,1,70,65,20,60,35,20,15,Steel Axe,Hand Axe,Torch,,
FE6,Dayan,Nomad Trooper,12,43,14,16,20,12,10,12,55,20,20,15,20,10,10,Short Bow,Steel Sword,,,
FE5,Dean,Wyvern Knight,3,36,12,13,12,5,13,2,75,55,50,30,40,30,5,Silver Lance,Iron Blade,Dain Scroll,,
FE5,Delmud,Cavalier,3,36,11,12,12,7,9,5,70,40,65,45,65,30,15,Beo Sword,,,,
FE9,Devdan,Halberdier,4,36,14,15,13,16,11,10,75,60,40,35,40,45,25,Heavy Spear,,,,
FE4,Dew,Thief,1,28,3,6,15,12,1,0,50,40,40,40,40,40,10,Iron Sword,,,,
FE4,Diadora,Shaman,3,26,14,9,12,6,3,16,70,70,20,10,10,10,70,Silence,Aura,Circlet,,
FE6,Dieck,Mercenary,5,26,9,12,10,5,6,1,90,40,40,30,35,20,15,Iron Blade,Iron Sword,,,
FE4,Dimna,Nomad,1,30,9,7,9,3,8,0,90,30,50,20,30,40,5,Iron Bow,,,,
FE1,Doga,Knight,1,20,7,3,3,1,11,0,60,20,40,40,20,10,3,Iron Lance,,,,
FE3,Doga,Knight,6,22,8,4,4,2,11,0,60,20,40,40,20,10,3,Steel Lance,,,,
FE7,Dorcas,Fighter,3,30,7,7,6,3,3,0,80,60,40,20,45,25,15,Steel Axe,Energy Ring,,,
FE6,Dorothy,Archer,3,19,5,6,6,3,4,2,85,50,45,45,35,15,15,Steel Bow,Vulnerary,,,
FE6,Douglas,General,8,46,19,13,8,11,20,5,60,30,30,30,20,30,5,Silver Axe,Silver Lance,,,
FE8,Dozla,Berserker,1,43,16,11,9,4,11,6,85,50,35,40,30,30,25,Battle Axe,Elixir,,,
FE8,Duessel,Great Knight,8,41,17,12,12,8,17,9,85,55,40,30,20,45,30,Silver Axe,Silver Lance,Vulnerary,,
FE6,Echidna,Hero,1,35,13,19,18,6,8,7,75,30,25,30,20,15,15,Steel Axe,,,,
FE5,Eda,Wyvern Lord,5,22,7,6,9,12,9,3,60,40,35,60,30,20,20,Killer Lance,Slim Sword,,,
FE10,Edward,Myrmidon,4,19,7,11,12,8,5,0,85,60,65,60,50,35,20,Iron Sword,Vulnerary,,,
FE13,Effie,Knight,6,23,13,8,5,10,12,4,35,60,35,50,50,35,30,Iron Lance,,,,
FE8,Eirika,Lord,1,16,4,8,9,5,3,1,70,40,60,60,60,30,30,Vulnerary,Rapier,,,
FE9,Elincia,Princess Crimea,1,27,12,16,18,15,11,15,45,65,50,70,60,20,35,Slim Sword,Brave Sword,,,
FE10,Elincia,Queen,1,36,19,21,22,29,18,24,60,80,45,40,60,25,35,Slim Sword,Mend,Concoction,,
FE13,Elise,Troubadour,5,19,11,5,10,14,4,11,30,65,25,55,70,15,40,Heal,Freeze,,,
FE7,Eliwood,Lord,1,18,5,5,7,7,5,0,80,45,50,40,45,30,35,Rapier,Vulnerary,,,
FE6,Ellen,Priest,2,16,1,6,8,8,0,6,45,50,30,20,70,5,60,Heal,Vulnerary,,,
FE3,Ellerean,Mage,10,22,5,6,10,6,7,3,90,10,30,40,10,30,3,Thoron,,,Aries,
FE3,Ellis,Bishop,5,18,5,5,7,7,5,7,10,10,50,60,80,10,3,,,,Fortify,
FE1,Ellis,Sister,4,18,1,5,5,3,4,5,50,10,50,60,80,10,3,,,Ohm Staff,Mend,
FE6,Elphin,Bard,1,15,1,3,10,11,4,1,80,5,5,65,65,25,55,Vulnerary,Angelic Robe,Blue Gem,,
FE9,Ena,Dragon tribe (Red),10,52,20,17,15,14,23,21,145,35,50,60,40,40,30,Breath,,Renewal,Miracle,Boon
FE10,Ena,Red Dragon,22,59,15,13,11,18,13,17,50,50,40,40,35,15,50,Red Breath,Laguz Stone,,,
FE8,Ephraim,Lord,4,23,8,9,11,8,7,2,80,55,55,45,50,35,25,Reginleif,Steel Lance,Elixir,,
FE7,Erk,Mage,1,17,5,6,7,3,2,4,65,40,40,50,30,20,40,Thunder,Goddess Icon,,,
FE1,Est,Pegasus Knight,5,20,6,7,13,11,8,6,50,70,70,70,60,20,3,,,,,
FE3,Est,Pegasus Knight,5,20,6,7,13,11,8,6,50,70,70,70,60,20,3,Iron Lance,Miracle Sword,,,
FE4,Ethlin,Troubadour,1,28,8,11,12,8,4,6,60,30,30,30,20,20,10,Slim Sword,Heal,,,
FE5,Evayle,Swordmaster,12,28,9,18,20,10,7,4,30,15,15,10,25,5,10,Iron Blade,Fire Sword,Door Key,,
FE8,Ewan,Pupil,1,15,3,2,5,5,0,3,50,45,40,35,50,15,40,Fire,Dragonshield,Vulnerary,,
FE5,Eyrios,Mage Knight,8,40,11,13,14,14,10,9,50,40,55,50,70,15,45,Bolting,Master Sword,Thoron,Sun Sword M,
FE6,Fa,Manakete,1,16,2,2,3,7,2,6,130,90,85,65,150,30,50,Divine Dragonstone,,,,
FE7,Farina,Pegasus Knight,12,24,10,13,14,10,10,12,75,50,40,45,45,25,30,Killer Lance,Javelin,Vulnerary,,
FE3,Feena,Dancer,1,16,1,2,10,8,2,0,40,60,70,80,70,20,3,Rapier,,,,
FE5,Felgus,Cavalier,3,26,6,7,7,6,5,0,65,35,45,35,40,25,10,,,,,
FE13,Felicia 2,Maid,13,24,14,17,20,7,14,6,40,35,30,40,55,15,35,Iron Dagger,Heal,,,
FE13,Felicia,Maid,1,19,5,10,10,12,5,9,40,35,30,40,55,15,35,Iron Dagger,Heal,,,
FE4,Femina,Pegasus Knight,2,28,10,9,16,3,7,9,60,30,20,50,50,20,5,Slim Lance,Berserk Sword,,,
FE4,Fin,Cavalier,1,32,9,8,10,8,7,0,60,35,30,35,45,30,5,Iron Lance,,,,
FE5,Fin,Cavalier,7,28,8,8,11,5,7,1,70,30,40,30,50,30,5,Brave Lance,Iron Sword,,,
FE10,Fiona,Cavalier,9,25,8,8,10,7,8,6,45,40,40,60,55,55,50,Javelin,Steel Lance,Vulnerary,,
FE7,Fiora,Pegasus Knight,7,21,8,11,13,6,6,7,70,35,60,50,30,20,50,Steel Lance,Javelin,Vulnerary,,
FE6,Fir,Myrmidon,1,19,6,9,10,3,3,1,75,25,50,55,50,15,20,Wo Dao,Vulnerary,,,
FE13,Flora,Maid,5,29,18,25,15,11,14,23,35,40,45,30,35,30,30,,,,,
FE7,Florina,Pegasus Knight,3,18,6,8,9,8,4,5,60,40,50,55,50,15,35,Slim Lance,Javelin,Vulnerary,,
FE8,Forde,Cavalier,6,24,7,8,8,7,8,2,85,40,50,45,35,20,25,Steel Sword,Javelin,Vulnerary,,
FE8,Franz,Cavalier,1,20,7,5,7,2,6,1,80,40,40,50,40,25,20,Iron Sword,Iron Lance,Vulnerary,Vulnerary,
FE5,Fred,Paladin,2,33,10,11,10,4,9,4,75,60,40,35,25,35,15,Thunder Sword,Dime Thunder,Door Key,Vulnerary,
FE4,Fury,Pegasus Knight,6,32,11,12,18,7,9,9,50,20,20,30,20,30,10,Slim Lance,,,,
FE5,Galzus,Mercenary,20,54,20,20,20,17,14,9,50,40,55,50,70,15,45,Master Sword,Fire Sword,Vulnerary,Vulnerary,Master Axe
FE8,Garcia,Fighter,4,28,8,7,7,3,5,1,80,65,40,20,40,25,15,Iron Axe,Hand Axe,Vulnerary,,
FE10,Gareth,Red Dragon,31,82,22,10,7,20,21,9,90,40,30,10,65,30,25,Red Breath,Laguz Stone,,,
FE6,Garret,Berserker,5,49,17,13,10,12,9,4,70,45,25,25,15,15,5,Steel Axe,Hand Axe,,,
FE9,Gatrie,Knight,9,31,12,6,5,5,14,0,50,60,45,60,30,60,35,Steel Lance,Iron Lance,,,
FE10,Gatrie,General,10,44,25,18,20,15,24,11,80,55,55,25,25,60,30,Steel Lance,Iron Lance,Vulnerary,,
FE6,Geese,Pirate,10,33,10,9,9,9,8,0,85,50,30,40,40,20,10,Steel Axe,Hand Axe,,,
FE7,Geitz,Warrior,3,40,17,12,13,10,11,3,85,50,30,40,40,20,20,Killer Axe,Steel Bow,,,
FE10,Geoffrey,Paladin,15,37,24,23,20,19,18,15,60,50,60,35,30,30,55,Brave Lance,Steel Bow,,,
FE9,Geoffrey,Paladin,11,43,18,17,19,12,21,9,65,50,55,55,20,45,45,Steel Lance,Short Spear,Concoction,,
FE1,George,Sniper,1,24,7,10,12,4,8,3,60,20,10,20,10,10,3,Partia,,,Sagittarius,
FE3,George,Sniper,5,27,10,11,13,4,10,3,60,20,10,20,10,10,3,Silver Bow,,,,
FE8,Gerik,Mercenary,10,32,14,13,13,8,10,4,90,45,40,30,30,35,25,Steel Blade,Vulnerary,Hero Crest,,
FE9,Giffca,Beast tribe (Lion),20,68,32,28,25,22,25,16,160,75,70,60,40,50,30,Claw,Laguz Band,Elixir,,
FE10,Giffca,Lion,36,73,21,22,18,28,20,11,40,35,35,50,25,30,15,Great Fang,Laguz Gem,,,
FE8,Gilliam,Knight,4,25,9,6,3,3,9,3,90,45,35,30,30,55,20,Iron Lance,,,,
FE5,Glade,Great Knight,2,34,11,12,11,4,10,2,60,45,35,35,35,30,5,Silver Lance,,,,
FE6,Gonzales,Barbarian,5,36,12,5,9,5,6,0,90,60,15,50,35,25,5,Devil Axe,Vulnerary,,,
FE1,Gordon,Archer,1,18,5,5,4,4,6,0,40,30,30,30,40,10,3,Iron Bow,Steel Bow,,,
FE3,Gordon,Archer,5,21,7,7,6,5,8,0,40,30,30,30,40,10,3,Steel Bow,,,,
FE13,Gunter 2,Great Knight,10,34,17,24,13,20,6,7,15,5,5,0,15,5,5,Iron Lance,,,,
FE13,Gunter,Great Knight,3,24,10,15,8,9,10,4,15,5,5,0,15,5,5,Iron Lance,,,,
FE7,Guy,Myrmidon,3,21,6,11,11,5,5,0,75,30,50,70,45,15,25,Killing Edge,Vulnerary,,,
FE10,Haar,Dragonmaster,11,46,23,24,20,13,23,7,30,70,70,30,45,65,20,Brave Axe,,,,
FE9,Haar,Wyvern Lord,11,47,21,19,17,12,20,10,65,60,60,35,15,45,20,Steel Axe,Javelin,,,
FE5,Halvan,Axe Fighter,2,28,7,7,7,2,5,0,80,40,20,30,30,30,5,Iron Axe,,,,
FE13,Hana,Myrmidon,4,20,9,11,11,5,6,9,25,55,45,55,25,20,30,Iron Sword,,,,
FE4,Hannibal,General,20,60,20,16,11,7,22,6,60,50,10,10,10,30,5,Silver Blade,Wing Clipper,,,
FE1,Hardin,Cavalier,6,25,9,7,8,3,8,0,50,30,50,60,30,20,3,Iron Lance,Steel Sword,,,
FE7,Harken,Hero,8,38,21,20,17,12,15,10,80,35,30,40,20,30,25,Brave Sword,,,,
FE4,Hawk,Sage,14,38,22,18,23,4,9,17,60,10,20,50,20,20,10,Lightning,,,,
FE7,Hawkeye,Berserker,4,50,18,14,11,13,14,10,50,40,30,25,40,20,35,Killer Axe,,,,
FE13,Hayato,Mage,1,16,1,5,7,8,4,5,50,40,30,45,60,40,20,Ox Spirit,,,,
FE7,Heath,Wyvern Rider,10,28,11,8,7,7,10,1,80,50,50,45,20,30,20,Axereaver,Javelin,Mine,,
FE10,Heather,Rogue,7,32,15,21,25,16,10,14,40,25,50,70,75,30,40,Iron Dagger,Slim Knife,,,
FE7,Hector,Lord,1,19,7,4,5,3,8,0,90,60,45,35,30,50,25,Wolf Beil,Vulnerary,,,
FE5,Hicks,Axe Knight,6,30,7,6,5,6,8,0,80,35,40,30,55,30,5,Pole Axe,Vulnerary,,,
FE13,Hinata,Myrmidon,10,26,11,9,14,10,12,4,55,35,25,15,45,45,15,Steel Sword,,,,
FE13,Hinoka,Pegasus Knight,8,23,9,13,16,12,9,15,45,45,40,45,40,35,40,Guard Lance,,,,
FE4,Holyn,Mercenary,12,40,14,17,17,1,11,1,110,30,80,30,20,30,5,Iron Blade,,,,
FE5,Homeros,Bard,5,24,5,3,10,12,2,5,65,40,70,70,55,15,40,Lightning,S Drink,,,
FE6,Hugh,Mage,15,26,13,11,12,10,9,9,75,30,30,45,25,20,15,Elfire,Member Card,Elixir,,
FE6,Igrene,Sniper,1,32,16,18,15,9,11,10,70,35,25,35,20,10,5,Killer Bow,,,,
FE10,Ike,Hero,11,44,24,28,23,14,21,7,65,55,60,35,30,40,15,Ettard,Iron Sword,,,
FE9,Ike,Mercenary,1,19,5,6,7,6,5,0,75,50,50,55,35,40,40,Iron Sword,,,,
FE9,Ilyana,Mage,6,20,8,10,9,6,3,10,45,25,45,30,45,15,50,Thunder,Elthunder,,,
FE10,Ilyana,Mage,12,22,12,12,13,6,3,9,55,50,60,30,40,30,50,Thunder,Elthunder,Vulnerary,,
FE8,Innes,Sniper,1,31,14,13,15,14,10,9,75,40,40,45,45,20,25,Silver Bow,Elixir,,,
FE4,Ira,Myrmidon,4,32,11,16,17,3,7,1,70,30,60,30,20,20,5,Iron Blade,,,,
FE7,Isadora,Paladin,1,28,13,12,16,10,8,6,75,30,35,50,45,20,25,Silver Sword,Short Spear,Angelic Robe,,
FE13,Izana,Sage,5,31,23,25,18,17,14,24,45,35,55,30,45,35,35,,,,,
FE7,Jaffar,Assassin,13,34,19,25,24,10,15,11,65,15,40,35,20,30,30,Killing Edge,Elixir,,,
FE13,Jakob 2,Butler,13,27,13,19,17,11,10,6,50,30,40,35,45,25,25,Iron Dagger,Heal,,,
FE13,Jakob,Butler,1,21,8,12,9,10,7,6,50,30,40,35,45,25,25,Iron Dagger,Heal,,,
FE4,Jamka,Archer,6,36,11,14,14,4,9,0,90,50,10,30,40,30,5,Killer Bow,,,,
FE9,Janaff,Bird tribe (Hawk),8,39,13,15,17,16,11,10,130,55,70,65,40,30,25,Beak,,,,
FE10,Janaff,Hawk,29,57,16,19,17,30,12,8,55,40,45,25,50,35,10,Talon,Wildheart scroll,,,
FE4,Janne,Troubadour,3,30,7,9,11,4,5,6,60,20,50,20,10,30,20,Iron Sword,Mend,,,
FE1,Jeigan,Paladin,1,22,7,10,8,1,9,6,10,10,10,10,0,0,3,Silver Lance,Iron Sword,,,
FE10,Jill,Dracoknight,14,24,11,12,15,14,13,3,50,45,45,65,60,35,45,Hand Axe,Steel Axe,Vulnerary,,
FE9,Jill,Wyvern Rider,8,24,11,10,9,6,11,2,60,40,45,45,25,35,30,Steel Lance,Laguzguard,Vulnerary,,
FE4,Johalva,Fighter,12,42,16,7,16,5,14,1,110,40,50,10,10,60,5,Steel Axe,,,,
FE4,Johan,Axe Knight,12,40,15,10,12,5,12,1,110,40,20,50,10,60,5,Steel Axe,,,,
FE8,Joshua,Myrmidon,5,24,8,13,14,7,5,2,80,35,55,55,30,20,20,Killing Edge,,,,
FE1,Julian,Thief,3,17,4,6,12,7,4,0,80,70,50,50,80,30,3,Iron Sword,,,Mend,
FE3,Julian,Thief,6,20,7,8,14,7,6,0,80,70,50,50,80,30,3,Iron Sword,,Door Key,,
FE6,Juno,Falcon Knight,9,33,11,14,16,14,8,12,50,20,35,30,45,10,10,,,,,
FE13,Kaden,Kitsune,14,30,15,12,19,14,9,14,45,40,25,45,50,35,40,Beaststone,,,,
FE13,Kagero,Ninja,10,22,15,10,12,7,9,10,30,65,20,50,30,25,40,Sting Shuriken,,,,
FE1,Kain,Cavalier,1,20,7,5,6,3,7,0,60,30,60,60,50,20,3,Iron Lance,Iron Sword,,,
FE3,Kain,Cavalier,9,26,10,8,9,4,10,0,90,30,60,60,50,20,3,Killer Lance,Iron Sword,,,
FE6,Karel,Swordmaster,19,44,20,28,23,18,15,13,210,130,140,140,120,110,100,Wo Dao,,,,
FE7,Karel,Swordmaster,8,31,16,23,20,15,13,12,70,30,50,50,30,10,15,Wo Dao,,,,
FE5,Karin,Pegasus Knight,1,18,5,4,14,12,4,7,55,30,35,70,70,15,15,,,,,
FE7,Karla,Swordmaster,5,29,14,21,18,16,11,12,60,25,45,55,40,10,20,Wo Dao,,,,
FE1,Kashim,Archer,3,21,7,4,6,3,4,0,70,60,40,40,20,20,3,Iron Bow,,,,
FE3,Kashim,Archer,7,24,10,7,8,4,6,0,70,60,40,40,20,20,3,Killer Bow,,,,
FE1,Katua,Pegasus Knight,3,19,5,6,12,7,7,6,70,40,80,80,40,20,3,Iron Lance,Killing Edge,,,
FE3,Katua,Pegasus Knight,6,22,7,8,14,9,8,6,70,40,80,80,40,30,3,Slim Lance,Iron Sword,,,
FE13,Kaze,Ninja,3,19,7,9,12,4,5,10,55,40,45,65,20,20,35,Iron Shuriken,Vulnerary,,,
FE13,Keaton,Wolfskin,15,35,19,10,13,9,16,7,60,60,20,35,30,50,25,Beaststone,Beastrune,,,
FE5,Kein,Cavalier,2,26,7,4,7,3,6,0,75,55,40,35,50,35,5,Iron Sword,Iron Lance,,,
FE7,Kent,Cavalier,5,23,8,7,8,4,6,1,85,40,50,45,20,25,25,Steel Sword,Javelin,,,
FE9,Kieran,Axe Knight,12,30,11,10,12,8,10,1,60,50,50,40,25,40,30,,,,,
FE10,Kieran,Paladin,11,41,21,20,20,16,18,11,75,60,40,30,30,60,25,Steel Axe,Hand Axe,Vulnerary,,
FE6,Klein,Archer,5,27,13,13,11,10,8,6,60,35,40,45,50,15,25,Silver Bow,White Gem,,,
FE8,Knoll,Shaman,10,22,13,9,8,0,2,10,70,50,40,35,20,10,45,Flux,Nosferatu,Vulnerary,,
FE10,Kurthnaga,Dragon Prince,20,55,15,8,10,21,15,15,95,45,20,35,60,25,40,Black Breath,Elixir,Olivi Grass,,
FE8,Kyle,Cavalier,5,25,9,6,7,6,9,1,90,50,40,40,20,25,20,Iron Sword,Steel Lance,Vulnerary,,
FE10,Kyza,Tiger,18,55,10,10,11,14,10,5,85,40,45,35,50,40,15,Fang,Laguz Stone,,,
FE8,L'Arachel,Troubadour,3,18,6,6,10,12,5,8,45,50,45,45,65,15,50,Mend,Elixir,Torch,,
FE4,Lachesis,Princess,2,26,8,9,13,5,7,9,60,50,10,20,40,20,10,Prayer Sword,Heal,,,
FE6,Lalum,Dancer,1,14,1,2,11,9,2,4,70,10,5,70,80,20,30,Vulnerary,,,,
FE6,Lance,Cavalier,1,20,5,6,8,2,6,0,80,40,45,50,35,20,15,Iron Sword,Javelin,Vulnerary,,
FE5,Lara,Thief,2,14,0,1,10,6,0,0,45,10,50,70,60,20,10,Lockpick,Slim Sword,,,
FE9,Largo,Berserker,7,52,21,21,20,12,10,3,80,70,45,45,30,25,20,Silver Axe,Hand Axe,,,
FE13,Laslow,Mercenary,12,28,15,16,13,14,10,7,50,45,45,30,55,35,25,Steel Sword,Vulnerary,,,
FE10,Laura,Priest,1,16,8,3,5,8,2,10,45,70,70,70,50,20,35,Heal,,,,
FE1,Lawrence,General,5,34,11,3,6,2,19,3,70,50,70,20,50,20,3,Silver Lance,,,,
FE4,Laylea,Dancer,3,24,4,1,13,4,1,4,50,50,20,40,30,20,20,,,,,
FE5,Leaf,Lord,1,22,4,2,5,6,3,0,130,60,50,45,25,50,10,Iron Sword,,,,
FE4,Leaf,Prince,1,32,12,10,10,8,10,3,70,35,35,40,40,25,10,Light Sword,Iron Sword,,,
FE10,Leanne,Heron,5,25,0,1,6,27,2,11,60,40,10,20,80,10,40,,,,,
FE7,Legault,Thief,10,26,8,11,15,10,8,3,60,25,45,60,60,25,25,Steel Sword,Lockpick,Light Rune,,
FE10,Lehran,Chancellor,20,50,40,40,40,40,23,40,0,0,0,0,0,0,0,Ashera Staff,,,,
FE13,Leo,Dark Knight,2,34,20,14,15,15,16,20,45,55,35,45,45,30,45,Brynhildr,Iron Sword,,,
FE10,Leonardo,Archer,4,17,8,12,10,6,5,4,60,40,75,35,65,35,55,Iron Bow,Vulnerary,Dragonshield,,
FE9,Lethe,Beast tribe (Cat),3,34,12,10,12,15,9,7,130,50,65,70,50,40,25,Claw,,,,
FE10,Lethe,Cat,21,51,9,13,12,18,9,10,85,35,30,50,45,35,20,Claw,Laguz Stone,Heaven,,
FE4,Levin,Bard,6,34,12,12,16,7,5,9,90,30,40,90,20,20,10,Elwind,,,,
FE4,Lex,Axe Knight,4,33,10,10,11,8,9,0,90,40,20,20,20,50,5,Iron Axe,,,,
FE5,Lifis,Thief,4,20,3,4,10,1,2,0,65,35,25,45,5,15,10,Hezul Scroll,Lockpick,,,
FE6,Lilina,Mage,1,16,5,5,4,4,2,7,45,75,20,35,50,10,35,,,,,
FE1,Linda,Mage,1,18,1,4,7,7,2,4,40,20,70,60,80,10,3,Aura,,,,
FE3,Linda,Mage,4,20,2,5,8,8,2,4,40,20,70,60,80,10,3,Aura,Thunder,Resire,,
FE4,Linda,Mage,3,26,11,12,9,2,2,7,90,40,40,30,20,10,20,Elthunder,,,,
FE5,Linoan,Sister,3,16,7,4,9,8,0,7,50,45,60,55,55,10,45,Torch,Heal,M Up Staff,Restore,
FE6,Lott,Fighter,3,29,7,6,7,2,4,1,80,30,30,35,30,40,15,Iron Axe,Steel Axe,Hand Axe,,
FE7,Louise,Sniper,4,28,12,14,17,16,9,12,60,40,40,40,30,20,30,Silver Bow,White Gem,,,
FE7,Lowen,Cavalier,2,23,7,5,7,3,7,0,90,30,30,30,50,40,30,Iron Sword,Javelin,,,
FE9,Lucia,Swordmaster,12,36,15,21,23,16,10,8,50,25,70,60,30,15,50,Silver Sword,,,,
FE10,Lucia,Swordmaster,14,38,18,27,27,19,14,15,70,50,70,65,50,40,40,Silver Sword,Laguzguard,Vulnerary,,
FE7,Lucius,Monk,3,18,7,6,10,2,1,6,55,60,50,40,20,10,60,Lightning,Vulnerary,,,
FE6,Lugh,Mage,1,16,4,5,6,5,3,5,50,40,50,50,35,15,30,Fire,Vulnerary,,,
FE3,Luke,Cavalier,2,20,7,5,7,4,7,0,90,30,30,40,10,20,3,Javelin,Iron Sword,,,
FE8,Lute,Mage,1,17,6,6,7,8,3,5,45,65,30,45,45,15,40,Fire,Vulnerary,,,
FE7,Lyn,Lord,4,18,5,10,11,5,2,0,70,40,60,60,55,20,30,Mani Katti,Vulnerary,Blue Gem,,
FE10,Lyre,Cat,17,47,7,11,11,16,7,8,50,35,65,70,50,20,30,Claw,Thunder,,,
FE1,Machis,Cavalier,2,20,5,2,6,0,7,0,50,40,30,20,20,20,3,Iron Lance,,,,
FE3,Machis,Cavalier,4,21,7,3,7,1,9,0,50,40,30,20,20,20,3,Javelin,,,,
FE5,Machua,Myrmidon,2,24,4,10,11,6,4,1,60,30,55,60,35,25,10,Iron Sword,Vulnerary,Short Sword,Chest Key,
FE1,Maji,Fighter,3,22,7,5,9,5,5,0,10,30,20,40,40,40,3,Iron Axe,,,,
FE10,Makalov,Paladin,7,37,18,17,18,20,17,9,55,40,40,75,45,50,25,Steel Sword,Vulnerary,Coin,,
FE9,Makalov,Cavalier,10,30,9,7,10,8,10,2,60,55,45,50,25,45,20,Steel Sword,Red Gem,,,
FE3,Malliesia,Sister,1,16,1,1,4,12,1,5,40,30,20,50,30,10,3,,,,Heal,
FE4,Mana,Priest,1,24,10,7,10,5,1,10,50,30,20,20,40,10,20,Heal,,,,
FE10,Marcia,Falcon Knight,5,34,16,17,20,12,16,15,55,40,50,55,40,25,30,Slim Lance,Javelin,,,
FE9,Marcia,Pegasus Knight,5,20,8,7,11,4,8,6,70,30,40,65,50,35,35,Steel Lance,Javelin,Vulnerary,,
FE7,Marcus,Paladin,1,31,15,15,11,8,10,8,60,25,20,25,20,15,20,Iron Sword,Silver Lance,,,
FE6,Marcus,Paladin,1,32,9,14,11,10,9,8,65,30,50,25,30,15,35,Steel Sword,Steel Lance,,,
FE5,Mareeta,Myrmidon,2,22,3,7,13,7,3,1,65,60,75,80,60,20,15,Mareeta's Sword,Vulnerary,,,
FE3,Maria,Bishop,1,17,3,3,5,8,3,7,10,10,10,20,30,10,3,,,,Recover,
FE1,Maria,Sister,3,17,2,2,3,5,4,5,10,10,10,30,30,0,3,,,Heal,,
FE1,Marich,Mage,1,20,1,3,6,3,4,3,80,20,30,50,50,20,3,Excalibur,,,,
FE3,Marich,Mage,10,22,5,6,10,6,7,3,80,20,50,50,50,20,3,Excalibur,Blizza,,,
FE8,Marisa,Myrmidon,5,23,7,12,13,9,4,3,75,30,55,60,50,15,25,Shamshir,Elixir,,,
FE1,Marth,Lord,1,18,5,6,7,7,7,0,90,50,40,50,70,20,3,Rapier,,,Vulnerary,
FE3,Marth,Lord,3,22,6,8,9,8,7,0,90,50,40,50,70,20,3,Rapier,,Vulnerary,,
FE5,Marty,Brigand,1,32,9,0,0,6,6,0,90,15,10,15,50,40,5,Steel Axe,,,,
FE7,Matthew,Thief,2,18,4,4,11,2,3,0,75,30,40,70,50,25,20,Iron Sword,Lockpick,,,
FE10,Meg,Knight Sword,3,21,10,7,8,8,10,5,60,35,40,65,75,35,50,Iron Sword,Steel Sword,Vulnerary,,
FE6,Merlinus,Transporter,1,15,0,3,3,10,3,0,100,0,50,50,100,20,5,,,,,
FE7,Merlinus,Transporter,5,18,0,4,5,12,5,2,120,0,90,90,100,30,15,,,,,
FE9,Mia,Myrmidon,6,21,7,10,13,6,7,2,50,40,45,60,45,20,25,Iron Sword,Slim Sword,,,
FE10,Mia,Swordmaster,7,34,17,26,28,18,13,8,70,45,60,65,35,40,25,Wo Dao,Steel Sword,,,
FE10,Micaiah,Light Mage,1,15,7,8,7,10,2,4,40,80,40,35,80,20,90,Light,Vulnerary,,,
FE4,Midayle,Nomad,2,32,9,7,9,3,7,0,60,30,30,40,10,30,5,Iron Bow,,,,
FE1,Midia,Paladin,1,20,7,11,9,7,9,6,80,30,50,50,10,20,3,,,,,
FE3,Midia,Paladin,16,28,14,17,17,7,16,6,80,30,50,50,10,20,3,,,,,
FE6,Miledy,Wyvern Rider,10,30,12,11,10,5,13,3,75,50,50,45,25,20,5,Steel Lance,,,,
FE1,Minerva,Wyvern Knight,1,22,9,6,12,6,12,0,40,30,50,40,40,20,3,Iron Lance,Dragonspear,,Virgo,
FE3,Minerva,Wyvern Knight,8,25,13,9,15,7,16,0,40,30,50,40,40,20,3,Javelin,,,,
FE5,Miranda,Mage,5,19,7,2,8,7,1,7,60,70,55,70,35,15,70,,,,,
FE5,Misha,Pegasus Knight,4,28,8,11,16,6,6,13,65,55,65,80,40,20,15,Heavy Spear,Wind Sword,Vulnerary,,
FE1,Mishelan,Knight,3,20,8,5,3,4,12,0,50,30,10,20,10,10,3,,,,,
FE9,Mist,Cleric,1,16,4,4,7,6,2,7,50,35,25,40,60,15,40,Florete,Heal,Vulnerary,,
FE10,Mist,Cleric,1,28,13,13,15,16,7,16,40,45,55,50,70,25,40,Heal,Vulnerary,,,
FE9,Mordecai,Beast tribe (Tiger),2,41,15,8,8,10,13,4,150,65,55,50,40,40,20,Claw,Laguz Stone,,,
FE10,Mordecai,Tiger,16,57,14,9,9,15,16,4,90,35,25,15,80,45,15,Fang,Olivi Grass,Vulnerary,,
FE8,Moulder,Priest,3,20,4,6,9,1,2,5,70,40,50,40,20,25,25,Heal,Vulnerary,,,
FE13,Mozu,Villager,1,16,6,5,7,3,4,1,30,40,50,55,45,35,30,Slim Lance,Vulnerary,,,
FE9,Muarim,Beast tribe (Tiger),9,45,16,13,15,11,12,5,145,70,70,55,35,60,45,Claw,,,,
FE10,Muarim,Tiger,19,58,18,14,11,12,15,9,60,55,45,20,55,35,30,Fang,Vulnerary,,,
FE8,Myrrh,Manakete,1,15,3,1,5,3,2,7,130,90,85,65,30,150,30,Dragonstone,Elixir,Vulnerary,,
FE9,Naesala,Bird tribe (Raven),17,57,25,26,31,19,21,16,135,60,70,75,20,55,35,Beak,Laguz Band,Coin,Elixir,
FE10,Naesala,Raven King,27,60,17,20,21,20,13,14,40,45,30,45,55,15,35,Great Beak,Elixir,Coin,,
FE10,Nailah,Wolf Queen,33,66,17,23,19,35,16,13,60,30,20,20,45,30,30,Great Fang,Concoction,,,
FE5,Nanna,Troubadour,1,18,5,6,7,9,3,5,50,25,40,35,55,15,10,Runesword,Heal,,,
FE9,Nasir,Dragon tribe (White),18,56,20,23,22,17,24,27,150,50,55,45,35,60,25,Breath,,Nihil,Boon,
FE10,Nasir,White Dragon,34,74,24,13,8,19,12,21,70,15,35,20,45,15,40,White Breath,Laguz Gem,,,
FE8,Natasha,Cleric,1,18,2,4,8,6,2,6,50,60,25,40,60,15,55,Mend,Vulnerary,,,
FE1,Navarre,Mercenary,3,19,5,9,11,8,6,0,90,50,40,50,60,20,3,Killing Edge,,,,
FE3,Navarre,Mercenary,8,23,9,16,16,7,8,0,90,50,40,50,60,20,3,Killing Edge,,,,
FE10,Nealuchi,Raven,22,53,10,9,18,24,10,10,55,35,40,40,80,40,25,Beak,Laguz Stone,Vulnerary,,
FE8,Neimi,Archer,1,17,4,5,6,4,3,2,55,45,50,60,50,15,35,Iron Bow,Vulnerary,,,
FE10,Nephenee,Halberdier,1,32,15,19,20,12,15,14,45,35,70,65,40,35,45,,,,,
FE9,Nephenee,Soldier,7,22,8,10,11,6,9,3,55,40,55,55,25,35,25,Steel Lance,Vulnerary,,,
FE6,Niime,Druid,18,25,21,20,16,15,5,18,25,15,15,15,5,15,20,Flux,Eclipse,Physic,Heal,
FE13,Niles,Outlaw,8,22,9,9,15,6,7,12,40,35,40,50,30,30,40,Iron Bow,,,,
FE3,Nina,Bishop,3,18,4,4,10,18,4,7,10,10,10,10,10,10,3,Thoron,,,,
FE7,Ninian,Dancer,1,14,0,0,12,10,5,4,85,5,5,70,80,30,70,Ninis's grace,Elixir,,,
FE7,Nino,Mage,5,19,7,8,11,10,4,7,55,50,55,60,45,15,50,Elfire,Elixir,,,
FE6,Noah,Cavalier,7,27,8,7,9,6,7,1,75,30,45,30,40,30,10,Steel Sword,Iron Lance,Vulnerary,,
FE4,Noish,Cavalier,3,33,11,7,8,4,8,0,80,40,30,20,20,40,5,Steel Sword,,,,
FE10,Nolan,Fighter,9,29,12,11,10,7,9,3,60,45,70,60,60,35,40,Steel Axe,Vulnerary,,,
FE13,Nyx,Dark Mage,9,20,12,5,11,3,4,8,30,50,35,50,20,15,30,Fire,Fimbulvetr,,,
FE13,Oboro,Spear Fighter,10,25,13,11,12,11,13,8,30,40,40,40,40,40,30,Steel Lance,,,,
FE13,Odin,Dark Mage,5,21,8,10,7,9,6,7,55,35,55,35,60,40,20,Thunder,Vulnerary,,,
FE1,Oguma,Mercenary,2,22,6,11,12,3,6,0,80,40,20,30,40,30,3,Iron Sword,,,,
FE3,Oguma,Mercenary,7,25,8,14,14,5,8,0,80,40,30,30,40,30,3,Steel Sword,,,,
FE4,Oifey,Paladin,15,40,16,17,16,8,17,8,100,40,50,30,40,30,10,Armourslayer,,,,
FE10,Oliver,Saint,8,48,31,22,20,28,18,32,65,55,35,45,30,30,20,Nosferatu,Silence,,,
FE5,Olwen,Mage Knight,2,24,10,8,10,5,4,10,50,40,55,50,70,15,45,,,,,
FE13,Orochi,Mage,5,20,9,11,7,6,5,10,35,65,50,15,35,25,45,Rat Spirit,,,,
FE9,Oscar,Cavalier,3,26,6,6,7,5,8,0,50,35,65,60,55,30,20,Iron Lance,Vulnerary,,,
FE10,Oscar,Paladin,12,38,20,22,21,18,17,13,55,45,50,45,30,35,30,Short Spear,Steel Lance,Vulnerary,,
FE7,Oswin,Knight,9,28,13,9,5,3,13,3,90,40,30,30,35,55,30,Iron Lance,Javelin,,,
FE5,Othin,Fighter,1,27,6,7,9,3,4,0,85,30,25,35,55,25,5,Iron Axe,,,,
FE6,Oujay,Mercenary,3,24,7,10,9,6,4,0,85,40,30,45,55,20,15,Steel Sword,Armourslayer,Vulnerary,,
FE5,Pahn,Thief Fighter,3,24,7,8,14,11,5,3,65,40,45,65,70,25,10,King Sword,Vulnerary,,,
FE3,Paola,Pegasus Knight,10,24,10,11,16,9,9,6,70,50,80,20,10,20,3,Silver Lance,,,,
FE1,Paola,Pegasus Knight,8,22,7,8,13,5,8,6,70,50,80,20,10,30,3,Silver Lance,Iron Sword,,Vulnerary,
FE10,Pelleas,Dark Sage,12,33,24,20,21,14,14,19,35,55,45,60,40,30,45,Carreau,Verrine,Fenrir,,
FE7,Pent,Sage,6,33,18,21,17,14,11,16,50,30,20,40,40,30,35,Elfire,Physic,,,
FE6,Percival,Paladin,1,43,17,13,18,12,14,11,75,30,25,35,20,20,10,Silver Lance,,,,
FE13,Peri,Cavalier,10,25,13,9,13,9,10,10,30,50,30,50,35,25,45,Steel Lance,Iron Sword,,,
FE7,Priscilla,Troubadour,3,16,6,6,8,7,3,6,45,40,50,40,65,15,50,Mend,Vulnerary,,,
FE1,Raddy,Mercenary,1,18,4,8,10,1,6,0,90,50,40,70,40,20,3,Iron Sword,,,,
FE4,Radney,Myrmidon,1,28,9,13,15,3,7,1,70,40,30,40,20,30,20,Iron Blade,,,,
FE10,Rafiel,Heron,12,31,1,1,6,31,3,13,60,40,10,20,60,10,50,Seraph Robe,,,,
FE5,Ralph,Mercenary,3,38,12,12,14,6,9,1,60,35,30,20,15,35,5,Hand Axe,Iron Blade,,,
FE9,Ranulf,Beast tribe (Cat),9,46,19,17,17,13,17,6,130,50,55,55,35,35,20,Claw,Elixir,,,
FE10,Ranulf,Cat,26,55,14,16,15,23,13,10,70,30,40,35,55,15,10,Claw,Satori Sign,Concoction,Olivi Grass,
FE7,Rath,Nomad,9,27,9,10,11,5,8,2,80,50,40,50,30,10,25,Short Bow,Longbow,Light Rune,,
FE7,Raven,Mercenary,5,25,8,11,13,2,5,1,85,55,40,45,35,25,15,Steel Sword,,,,
FE6,Ray,Shaman,12,23,12,9,9,6,5,10,55,45,55,40,15,15,35,Nosferatu,,,,
FE7,Rebecca,Archer,1,17,4,5,6,4,3,1,60,40,50,60,50,15,30,Iron Bow,Vulnerary,,,
FE13,Reina,Kinshi Knight,1,28,17,14,20,14,10,13,40,45,20,45,10,20,10,Iron Bow,Steel Lance,Concoction,,
FE3,Rena,Bishop,7,18,6,6,13,10,6,7,10,10,10,20,40,10,3,,,Warp,,
FE1,Rena,Sister,3,16,1,7,8,8,3,5,10,20,40,20,70,10,3,Bolganone,,,,
FE7,Renault,Bishop,16,43,12,22,20,10,15,18,60,40,30,35,15,20,40,Divine,Fortify,Light Rune,,
FE8,Rennac,Rogue,1,28,10,16,17,5,9,11,65,25,45,60,25,25,30,Steel Sword,Elixir,Member Card,,
FE10,Renning,Paladin,16,56,31,32,29,24,27,23,40,60,50,40,10,70,20,Silver Sword,Silver Axe,,,
FE9,Reyson,Bird tribe (Heron),3,22,10,11,14,15,2,20,65,30,20,20,60,20,20,Elixir,,,,
FE10,Reyson,Heron,15,40,5,5,11,31,6,17,65,40,50,50,60,15,50,Elixir,,,,
FE10,Rhys,Bishop,3,27,23,16,14,21,7,24,40,60,50,40,50,25,55,Shine,Heal,Mend,Concoction,
FE9,Rhys,Priest,4,22,10,8,5,8,0,14,40,65,35,35,60,20,75,Heal,Vulnerary,,,
FE1,Ricardo,Thief,1,16,5,2,9,0,3,0,50,50,20,60,40,20,3,Iron Sword,,,,
FE3,Ricardo,Thief,3,18,6,3,9,1,3,0,50,50,20,60,40,20,3,Iron Sword,,,Member Card,
FE13,Rinkah,Brigand,4,20,8,6,8,5,10,3,20,25,50,45,35,45,20,Iron Axe,,,,
FE5,Robert,Nomad,1,23,5,4,8,6,4,0,65,45,50,60,70,25,10,Iron Bow,,,,
FE4,Roddlevan,Myrmidon,1,30,10,13,13,4,8,0,80,30,50,30,20,30,5,Iron Blade,,,,
FE3,Rody,Cavalier,1,20,5,5,6,5,6,0,70,40,50,50,40,20,3,Iron Lance,Iron Sword,,,
FE9,Rolf,Archer,1,18,5,8,6,4,6,2,60,40,45,50,40,30,25,Rolf's Bow,Steel Bow,Vulnerary,,
FE10,Rolf,Sniper,1,32,17,20,19,13,13,9,85,75,45,45,35,35,20,Rolf's Bow,Vulnerary,,,
FE5,Ronan,Archer,1,20,4,3,7,3,2,0,40,55,45,55,20,5,55,Iron Bow,,,,
FE3,Roshe,Paladin,8,36,12,8,10,3,11,6,80,40,50,40,50,30,3,Iron Lance,Iron Sword,,,
FE1,Roshe,Cavalier,3,22,6,5,7,4,7,0,80,40,50,40,50,30,3,Silver Lance,,,,
FE8,Ross,Journeyman,1,15,5,2,3,8,3,0,70,50,35,30,40,25,20,Hatchet,Vulnerary,,,
FE6,Roy,Lord,1,18,5,5,7,7,5,0,80,40,50,40,60,25,30,Rapier,Vulnerary,,,
FE6,Rutger,Myrmidon,5,22,7,12,13,2,5,0,80,30,60,50,30,20,20,Killing Edge,,,,
FE3,Ryan,Archer,1,18,5,4,4,3,6,0,60,40,70,40,30,20,3,Iron Bow,,,,
FE13,Ryoma,Swordmaster,4,36,20,18,24,20,16,13,50,45,50,45,40,35,25,Raijinto,,,,
FE5,Safy,Priest,3,14,6,6,7,9,0,6,35,30,45,40,5,3,60,Heal,Hammerne,,,
FE7,Sain,Cavalier,4,22,9,5,7,5,7,0,80,60,35,40,35,20,20,Steel Lance,Iron Sword,,,
FE13,Saizo,Ninja,7,23,11,14,11,9,9,7,40,50,60,30,55,45,10,Steel Shuriken,Slim Shuriken,,,
FE1,Saji,Fighter,3,22,8,4,7,1,5,0,90,50,50,10,30,50,3,Iron Axe,Iron Axe,,,
FE13,Sakura,Shrine Maiden,1,16,3,5,7,9,5,7,45,50,40,40,55,30,20,Heal,,,,
FE8,Saleh,Sage,1,30,16,18,14,11,8,13,50,30,25,40,40,30,35,Elfire,Thunder,,,
FE5,Salem,Loputo Mage,5,22,8,6,7,2,2,8,60,30,45,40,10,15,30,Yotsmungand,Sleep,,,
FE1,Samson,Hero,1,24,10,14,17,7,9,3,70,30,10,20,50,20,3,Silver Sword,,,,
FE3,Samson,Hero,5,28,12,16,19,7,11,3,70,30,10,20,50,20,3,Silver Sword,,,,
FE3,Samto,Mercenary,5,22,6,10,11,3,7,0,70,20,20,60,10,10,3,Killing Edge,,,Aquarius,
FE10,Sanaki,Empress,1,28,33,22,23,32,10,28,70,40,60,35,55,30,50,Cymbeline,Arcwind,Arcthunder,Elixir,
FE5,Sara,Sister,7,14,11,12,9,10,0,11,40,80,80,80,40,10,80,Silence,,,,
FE6,Saul,Priest,5,20,4,6,10,2,2,5,60,40,45,45,15,15,50,Mend,,,,
FE13,Scarlet,Wyvern Lord,1,30,23,17,19,14,22,6,30,45,40,50,40,25,20,Killer Axe,,,,
FE13,Selena,Mercenary,10,24,12,12,15,9,11,8,40,30,25,45,30,45,30,Iron Sword,Slim Sword,Vulnerary,,
FE5,Selphina,Nomad,8,22,5,7,10,7,6,3,50,25,40,35,55,15,10,Killer Bow,Knight Proof,,,
FE7,Serra,Cleric,1,17,2,5,8,6,2,5,50,50,30,40,60,15,55,Heal,Vulnerary,,,
FE8,Seth,Paladin,1,30,14,13,12,13,11,8,90,50,45,45,25,40,30,Steel Sword,Silver Lance,Vulnerary,,
FE13,Setsuna,Archer,3,19,8,9,10,6,5,3,30,20,30,60,30,15,40,Iron Bow,,,,
FE5,Sety,Sage,14,32,17,16,16,10,9,17,75,75,75,80,65,20,75,Holsety,Door Key,,,
FE5,Shanam,Swordmaster,1,24,5,8,9,1,4,1,50,50,5,50,50,5,5,Iron Blade,,,,
FE4,Shanan,Swordmaster,12,38,18,22,23,10,13,4,120,30,80,20,20,40,5,Steel Blade,,,,
FE4,Sharlow,Priest,1,24,11,8,9,3,3,9,70,50,20,20,30,10,30,Physic,,,,
FE1,Sheeda,Pegasus Knight,1,16,5,6,12,9,7,6,50,20,70,90,70,20,3,Killer Lance,Iron Sword,,,
FE3,Sheeda,Pegasus Knight,4,19,6,7,15,13,7,6,50,20,70,90,70,20,3,Slim Lance,Iron Sword,,,
FE3,Sheema,General,1,26,8,3,5,4,17,3,60,60,70,50,60,20,3,Silver Lance,,,Power Ring,
FE6,Shin,Nomad,1,24,7,8,10,6,7,0,75,45,50,50,25,10,15,Short Bow,,,,
FE9,Shinon,Sniper,1,32,9,15,13,9,9,6,50,40,70,65,30,45,20,Killer Bow,Iron Bow,,,
FE10,Shinon,Sniper,13,43,21,28,24,15,20,14,75,65,70,65,35,50,40,Steel Bow,Iron Bow,Vulnerary,,
FE5,Shiva,Myrmidon,4,24,6,9,12,5,4,0,70,45,50,35,60,30,5,Killing Edge,,,,
FE13,Shura,Adventurer,10,34,20,23,27,15,14,24,30,25,20,35,30,15,35,Killer Bow,Mend,,,
FE10,Sigrun,Falcon Knight,19,34,18,22,24,28,20,22,40,45,70,25,70,10,50,Silver Lance,Spear,Elixir,,
FE4,Sigurd,Lord Knight,5,35,14,11,12,7,9,3,110,50,50,30,40,40,5,Steel Sword,Iron Lance,,,
FE13,Silas,Cavalier,6,22,11,9,8,7,10,5,40,45,50,40,40,40,25,Iron Lance,Iron Sword,,,
FE3,Sirius,Paladin,4,26,11,10,13,1,11,6,80,50,50,40,30,30,3,Iron Lance,Iron Sword,,,
FE10,Skrimir,Lion,25,66,19,14,13,24,16,9,90,35,35,25,20,50,5,Fang,Laguz Stone,,,
FE5,Sleuf,Priest,6,18,11,12,4,9,1,11,35,40,75,45,25,10,40,Mend,Blaggi Scroll,,,
FE6,Sofiya,Shaman,1,15,6,2,4,3,1,8,60,55,40,30,20,20,55,Flux,,,,
FE9,Soren,Mage,1,18,0,8,8,5,2,7,40,80,60,35,35,25,70,Elwind,Thunder,Fire,Vulnerary,
FE10,Soren,Sage,5,28,23,21,18,11,9,21,45,60,55,40,30,15,55,Wind,Vulnerary,,,
FE10,Sothe,Rogue,1,35,18,20,20,15,14,9,30,60,80,45,65,20,30,Kard,Slim Dagger,,,
FE9,Sothe,Thief,1,20,5,7,11,5,4,0,60,55,70,65,55,35,30,Knife,,Blossom,,
FE9,Stefan,Swordmaster,8,38,19,27,25,5,12,9,55,50,60,60,15,40,50,Vague Katti,,,,
FE10,Stefan,Trueblade,8,53,27,37,36,20,21,16,70,50,40,55,25,35,30,Vague Katti,,,,
FE13,Subaki,Pegasus Knight,5,22,8,13,10,7,9,10,55,30,50,20,25,45,5,Iron Lance,,,,
FE6,Sue,Nomad,1,18,5,7,8,4,5,0,55,30,55,65,50,10,15,,,,,
FE4,Sylvia,Dancer,1,28,3,4,12,6,1,5,50,30,10,10,30,10,40,Slim Sword,,,,
FE8,Syrene,Falcon Knight,1,27,12,13,15,12,10,12,70,40,50,60,30,20,50,Silver Lance,Javelin,,,
FE13,Takumi,Archer,11,26,13,17,11,13,10,4,50,35,60,40,45,35,20,Fujin Bow,,,,
FE8,Tana,Pegasus Knight,4,20,7,9,13,8,6,7,65,45,40,65,60,20,25,Heavy Spear,Javelin,Vulnerary,,
FE5,Tania,Archer,1,20,3,6,10,6,2,1,60,35,55,70,60,15,15,Iron Bow,Door Key,,,
FE9,Tanith,Falcon Knight,10,32,16,18,24,18,15,13,35,55,75,40,35,40,30,Sonic Sword,Short Spear,,,
FE10,Tanith,Falcon Knight,16,35,20,21,23,22,19,20,60,40,70,40,30,25,30,Storm Sword,Silver Lance,,,
FE6,Tate,Pegasus Knight,5,22,6,8,11,3,7,6,60,40,45,55,40,15,20,Slim Lance,Javelin,,,
FE9,Tauroneo,General,14,48,22,18,13,14,22,14,55,40,65,50,20,45,50,Javelin,Silver Lance,Vulnerary,,
FE10,Tauroneo,General,14,38,24,22,20,18,21,15,60,55,50,30,15,60,40,Spear,Silver Blade,,,
FE8,Tethys,Dancer,1,18,1,2,12,10,5,4,85,5,10,70,80,30,75,Goddess Icon,Elixir,,,
FE6,Thany,Pegasus Knight,1,17,4,6,12,5,6,5,45,30,55,60,60,10,25,Slim Lance,Javelin,Vulnerary,,
FE1,Thomas,Archer,8,20,7,6,5,4,6,0,50,20,20,30,10,10,3,,,,,
FE9,Tibarn,Bird tribe (Hawk),18,63,30,31,24,24,26,19,145,70,70,65,50,60,25,Beak,Laguz Band,Elixir,,
FE10,Tibarn,Hawk King,31,68,18,24,20,29,16,10,75,40,10,20,40,40,20,Great Talon,,,,
FE4,Tiltyu,Mage,3,28,10,15,10,9,1,9,60,20,60,40,50,10,10,Thoron,Thunder,,,
FE5,Tina,Priest,1,14,3,1,5,15,0,3,40,50,25,65,90,5,50,Thief Staff,Unlock,S Drink,,
FE10,Titania,Paladin,16,36,25,22,21,19,20,14,60,60,55,50,40,20,30,Steel Axe,Iron Axe,Vulnerary,,
FE9,Titania,Paladin,1,33,12,13,14,11,11,7,80,45,60,50,45,40,45,Steel Axe,Hand Axe,Vulnerary,,
FE1,Tomth,Knight,4,21,8,6,5,3,13,0,70,30,40,30,10,20,3,,,,,
FE10,Tormod,Sage,5,34,17,16,20,14,12,14,50,45,40,45,35,25,45,Fire,Elfire,,,
FE9,Tormod,Mage,7,20,10,9,9,8,4,9,50,55,45,55,25,35,45,Fire,Elfire,Vulnerary,,
FE6,Treck,Cavalier,4,25,8,6,7,5,8,0,85,40,30,35,50,30,5,Iron Lance,Javelin,Vulnerary,,
FE5,Trewd,Myrmidon,8,30,8,11,12,3,5,0,90,35,45,35,60,30,5,Silver Sword,Vulnerary,,,
FE4,Tristan,Cavalier,3,30,11,10,10,5,10,0,130,30,30,20,10,30,5,Iron Sword,,,,
FE9,Ulki,Bird tribe (Hawk),7,41,15,14,12,10,14,9,140,60,65,60,35,35,25,Beak,,,,
FE10,Ulki,Hawk,28,59,14,17,18,25,11,10,65,30,25,40,35,30,25,Talon,Satori Sign,,,
FE7,Vaida,Wyvern Lord,8,43,20,19,13,11,21,6,60,45,25,40,30,25,15,Spear,,,,
FE8,Vanessa,Pegasus Knight,1,17,5,7,11,4,6,5,50,35,55,60,50,20,30,Slim Lance,Javelin,Vulnerary,,
FE10,Vika,Raven,13,38,9,13,15,14,7,7,60,50,60,60,65,15,65,Beak,Vulnerary,,,
FE10,Volke,Assassin,13,52,30,36,35,19,26,22,50,50,60,65,20,45,15,Knife,Vulnerary,,,
FE9,Volke,Thief,10,25,12,13,13,7,7,3,65,50,55,65,35,20,10,Peshkatz,Stiletto,Silver Knife,,
FE10,Volug,Wolf,15,49,11,12,13,13,9,5,95,25,35,40,90,15,10,Fang,Vulnerary,,,
FE6,Wade,Fighter,2,28,8,3,5,4,3,0,75,50,45,20,45,30,5,Iron Axe,Hammer,Vulnerary,,
FE7,Wallace,General,1,34,16,9,8,10,19,5,70,45,40,20,30,35,35,Silver Lance,Hand Axe,Elixir,,
FE3,Warren,Archer,2,22,7,5,6,1,4,0,70,50,50,10,20,20,3,Iron Bow,,,Bridge Key,
FE1,Wendel,Bishop,1,22,3,2,12,1,5,6,60,10,30,20,40,10,3,,,,,
FE3,Wendel,Bishop,7,26,5,5,13,4,5,6,60,10,30,20,40,10,3,Thunder,,Barrier,,
FE6,Wendy,Knight,1,19,4,3,3,6,8,1,85,40,40,40,45,30,10,Iron Lance,Javelin,Vulnerary,,
FE7,Wil,Archer,4,21,6,5,6,7,5,1,75,50,50,40,40,20,25,Iron Bow,Steel Bow,Vulnerary,,
FE1,Wolf,Horsemen,3,22,6,6,7,5,6,0,70,40,10,20,50,20,3,Iron Bow,,,,
FE6,Wolt,Archer,1,18,4,4,5,2,4,0,80,40,50,40,40,20,10,Iron Bow,Vulnerary,,,
FE13,Xander,Paladin,4,38,23,18,15,20,23,11,45,50,40,35,60,40,15,Siegfried,,,,
FE5,Xavier,General,6,38,13,9,6,3,17,3,50,40,55,50,70,15,45,Master Axe,Killer Bow,,,
FE6,Yodel,Bishop,20,35,19,18,14,11,5,30,20,30,15,10,20,10,20,Recover,Lightning,Maltet,Saint Staff,
FE3,Yubello,Mage,1,18,1,1,6,5,3,3,50,50,30,40,40,10,3,Fire,,,,
FE13,Yukimura,Mechanist,10,38,25,29,23,18,21,22,25,25,40,15,30,25,30,,,,,
FE3,Bowna,Sister,2,16,2,1,7,9,2,5,30,20,30,40,40,10,3,,,,Rescue,
FE4,Yuria,Shaman,1,24,11,8,11,5,3,14,90,100,20,30,30,10,50,,,,,
FE1,Zagaro,Horsemen,1,20,6,6,6,2,6,0,90,30,20,10,10,20,3,Iron Bow,,,,
FE6,Zealot,Paladin,1,35,10,12,13,5,11,7,75,25,20,20,15,30,15,Steel Sword,Steel Lance,Javelin,,
FE6,Zeis,Wyvern Rider,10,28,14,9,8,6,12,2,80,60,50,35,20,25,5,Steel Lance,Javelin,,,
FE9,Zihark,Myrmidon,10,25,10,13,15,6,7,0,55,35,75,70,40,25,35,Killing Edge,Steel Sword,Vulnerary,,
FE10,Zihark,Swordmaster,3,30,17,22,23,11,13,11,55,45,50,60,40,30,20,Killing Edge,Vulnerary,,,
